timestamp,motor_id,target_pos,actual_pos,actual_vel,actual_current,command_time_ms
7.392000043182634e-06,1,71.11000061047291,71.0,0.0,0.8999999761581421,2.0592350001606974
0.10027298000022711,1,71.13232677855669,70.0,0.0,1.100000023841858,2.085889999762003
0.200206631000583,1,71.19898134792464,0.0,0.0,0.0,0.0
0.3002155140002287,1,71.3099990310964,70.0,2.0,0.9699999690055847,0.2610569999887957
0.4002138690002539,1,71.46521809722405,71.0,0.0,0.9799999594688416,0.2786559998639859
0.5002043849999609,1,71.66447738082513,71.0,0.0,0.9899999499320984,0.2726720003920491
0.6002750919997197,1,71.90780322259857,71.0,0.0,0.9699999690055847,0.3104959996562684
0.7002764870003375,1,72.1945991546189,71.0,2.0,1.2899999618530273,0.3693450007631327
0.8002612099999169,1,72.52467686071844,71.0,0.0,1.1899999380111694,0.32608000037726015
0.9002021260002948,1,72.89758205603037,71.0,0.0,1.309999942779541,0.2742079996096436
1.0005063690005045,1,73.31467005478304,71.0,0.0,1.309999942779541,0.24224099979619496
1.1001779719999831,1,73.7712183449296,71.0,1.0,0.5699999928474426,0.2992329991684528
1.2002297670005646,1,74.27125461659604,73.0,15.0,0.7999999523162842,0.2976649993797764
1.3002273869997225,1,74.81231923472356,73.0,-2.0,0.6899999976158142,0.2550079998400179
1.4002244299999802,1,75.39413426498598,73.0,1.0,0.6800000071525574,0.27052800032834057
1.5002005770002143,1,76.01599443264118,73.0,0.0,0.699999988079071,0.23103999956219923
1.6002006919998166,1,76.67756692613482,73.0,0.0,0.6499999761581421,0.25251300030504353
1.7002129040001819,1,77.37814162490048,75.0,43.0,1.3600000143051147,0.2503360001355759
1.800251835000381,1,78.11715175014548,76.0,-10.0,0.3700000047683716,0.26934400011668913
1.9002390860005107,1,78.89327471407003,75.0,6.0,1.0399999618530273,0.2598410001155571
2.000225089000196,1,79.70610635816082,76.0,0.0,0.5099999904632568,0.22345699926518137
2.1002313489998414,1,80.55502973307757,76.0,0.0,0.7299999594688416,0.277888000709936
2.200240744000439,1,81.43907421771543,77.0,41.0,1.5,0.3263039998273598
2.3002086670003337,1,82.35695339320405,80.0,0.0,-0.26999998092651367,0.3128649996142485
2.4002102539998305,1,83.30844719295614,79.0,-5.0,1.6899999380111694,0.29683299999305746
2.5002096340003845,1,84.29229112944004,79.0,9.0,0.4899999797344208,0.22111999987828312
2.6002287250003064,1,85.30773806028219,79.0,0.0,0.41999998688697815,0.3554559998519835
2.700208008000118,1,86.35317254380917,81.0,40.0,1.7799999713897705,0.231457000154478
2.800191547000395,1,87.42800762100059,0.0,0.0,0.0,0.0
2.9002482390005753,1,88.53195624682866,0.0,0.0,0.0,0.0
3.0002118419997714,1,89.66208719684491,84.0,3.0,0.22999998927116394,0.23609599975316087
3.1001937490000273,1,90.81851407879718,83.0,-4.0,1.7799999713897705,0.22156900013214909
3.200188296000306,1,92.00004245577203,84.0,4.0,1.1200000047683716,0.22713599992130185
3.300234236000506,1,93.20598725353767,84.0,-3.0,1.2899999618530273,0.264096000137215
3.400205711000126,1,94.43363377049913,86.0,40.0,2.379999876022339,0.2462720003677532
3.500227042000006,1,95.68328806499423,89.0,19.0,1.1100000143051147,0.23712100028205896
3.6002324700002646,1,96.95290622545018,89.0,-4.0,1.71999990940094,0.2719039994190098
3.7002095770003507,1,98.24106471690754,89.0,0.0,1.6699999570846558,0.28604800081666326
3.8002240599998913,1,99.54734091605073,89.0,0.0,1.649999976158142,0.32400100008089794
3.900323887000013,1,100.87110242503427,91.0,45.0,2.4099998474121094,0.22726400038663996
4.000207811000109,1,102.20702996286813,95.0,32.0,1.3299999237060547,0.3239679999751388
4.1002517659999285,1,103.55881881080856,95.0,-4.0,1.6200000047683716,0.27984000007563736
4.200237545000164,1,104.92220842796904,95.0,0.0,2.1499998569488525,0.3280970004198025
4.300223836000441,1,106.29664296951623,95.0,3.0,2.0,0.2310720001332811
4.400218032000339,1,107.68086923158242,97.0,40.0,2.740000009536743,0.3154880005240557
4.5002285150003445,1,109.07364048289789,101.0,31.0,1.5399999618530273,0.2833600001395098
4.600226069999735,1,110.47317590217583,102.0,-5.0,1.1999999284744263,0.3095049996773014
4.7001985380002225,1,111.87792082758568,102.0,1.0,1.9499999284744263,0.2936000000772765
4.800206908999826,1,113.2873465725414,102.0,0.0,1.8799999952316284,0.2959359999294975
4.900202671999978,1,114.69938024878985,103.0,37.0,3.0,0.3922569994756486
5.000192547000552,1,116.11272267944074,107.0,30.0,1.9900000095367432,0.3194249993612175
5.100211639000008,1,117.52647526525573,109.0,-1.0,2.2799999713897705,0.27273599971522344
5.200219113999992,1,118.93866552116373,108.0,0.0,2.990000009536743,0.34393600071780384
5.300209693000397,1,120.34782600904597,108.0,0.0,3.240000009536743,0.30025700016267365
5.400203760000295,1,121.75285398402221,109.0,39.0,4.170000076293945,0.3140159997201408
5.500217060000068,1,123.15258235452588,114.0,37.0,2.0299999713897705,0.31305599986808375
5.600202231000367,1,124.54496808282309,116.0,0.0,1.399999976158142,0.3160639998895931
5.700205289999758,1,125.92927877694544,115.0,0.0,2.0199999809265137,0.33440100014558993
5.800207774000228,1,127.3038905628511,116.0,1.0,1.8399999141693115,0.292512000669376
5.90020628900038,1,128.667400900593,117.0,37.0,3.419999837875366,0.345856000421918
6.000216899999941,1,130.01868159852182,121.0,33.0,1.8399999141693115,0.32851300056790933
6.100202966999859,1,131.3559067333179,123.0,4.0,1.7599999904632568,0.3130249997411738
6.200235275000523,1,132.67869798589533,122.0,-1.0,2.2699999809265137,0.265375999333628
6.300199901999804,1,133.98424927224448,123.0,0.0,2.419999837875366,0.25535999975545565
6.400238416999855,1,135.2731184336452,124.0,36.0,3.490000009536743,0.28336100058368174
6.500205252999876,1,136.54215848615672,128.0,35.0,2.0299999713897705,0.22220800019567832
6.600191128000006,1,137.79128369389554,129.0,-1.0,2.419999837875366,0.21779199960292317
6.700216043000182,1,139.0194931756061,129.0,0.0,3.319999933242798,0.19846400027745403
6.80022130999987,1,140.2248479718784,129.0,3.0,3.3499999046325684,0.23145599971030606
6.900191442000505,1,141.40599101811927,130.0,36.0,4.489999771118164,0.25551999988238094
7.0001936369999385,1,142.5625515812743,135.0,42.0,2.069999933242798,0.2341760000490467
7.100207416000558,1,143.6931349176727,136.0,-3.0,1.409999966621399,0.3072970002904185
7.200442668000505,1,144.7989017985577,136.0,-3.0,2.9800000190734863,0.3648000001703622
7.300187294999887,1,145.87102065800184,136.0,4.0,2.5199999809265137,0.24432000009255717
7.400240017999749,1,146.91709380734733,137.0,34.0,3.5899999141693115,0.2995529994223034
7.500201798000489,1,147.93182297081069,141.0,38.0,2.429999828338623,0.2761919995464268
7.600227992999862,1,148.915795175354,142.0,-5.0,1.559999942779541,0.23318399962590775
7.700190411999756,1,149.8667788596296,142.0,-4.0,3.18999981880188,0.24819200007186737
7.800182719000077,1,150.78474302653365,142.0,10.0,2.1599998474121094,0.23964899992279243
7.900185747000251,1,151.6685855616295,143.0,35.0,3.6399998664855957,0.25318400003015995
8.000200133999897,1,152.51742832240012,147.0,33.0,2.1499998569488525,0.20243200015102047
8.100217336999776,1,153.3303533836808,148.0,-7.0,1.96999990940094,0.2462089996697614
8.200218476999908,1,154.1064121476355,147.0,0.0,3.549999952316284,0.308480000057898
8.30021907199989,1,154.84496826429523,147.0,2.0,3.1399998664855957,0.2865919996111188
8.40022645099998,1,155.54534338698716,148.0,35.0,4.630000114440918,0.2722250001170323
8.500216647000343,1,156.20668457662563,152.0,31.0,1.96999990940094,0.273600000582519
8.600198778000049,1,156.82841439891314,152.0,-12.0,2.0299999713897705,0.2720639995459351
8.700201261000075,1,157.41008867272689,152.0,1.0,3.2699999809265137,0.2136960001735133
8.800199520000206,1,157.9509807427474,152.0,0.0,3.129999876022339,0.25840100079221884
8.900204020000274,1,158.45061213618334,152.0,24.0,4.670000076293945,0.23763199988025008
9.000202279000405,1,158.90842743828287,156.0,8.0,1.71999990940094,0.23964800038811518
9.100204922000557,1,159.3240246181103,156.0,-8.0,2.200000047683716,0.2973450000354205
9.200195725999947,1,159.6969309064288,156.0,1.0,2.6399998664855957,0.26560000060271705
9.300196449000396,1,160.02686064841762,156.0,1.0,2.129999876022339,0.3453439994700602
9.400201780000316,1,160.313461327808,157.0,32.0,3.8399999141693115,0.25977700079238275
9.500220744000217,1,160.55646401447524,159.0,3.0,1.7799999713897705,0.2087680004478898
9.600220571000136,1,160.7555528825527,158.0,-4.0,2.379999876022339,0.27228799990552943
9.700217262000479,1,160.91057796391686,158.0,3.0,2.569999933242798,0.2744329995039152
9.80020192200027,1,161.02138254139314,158.0,-1.0,2.129999876022339,0.29676800022571115
9.900211637000211,1,161.08788970673993,159.0,29.0,3.0999999046325684,0.2568320005593705
10.000200743999812,1,161.11000052086303,160.0,1.0,2.7799999713897705,0.28694499997072853
10.100217307000094,1,161.0876992248359,160.0,0.0,3.18999981880188,0.3135679999104468
10.200221519000479,1,161.0210066428707,160.0,0.0,3.549999952316284,0.25382399962836644
10.300201122000544,1,160.91002135033844,160.0,3.0,3.379999876022339,0.2434880007058382
10.400197748999744,1,160.75481170043082,160.0,2.0,2.929999828338623,0.24176099941541906
10.500215529000343,1,160.5554991842101,160.0,12.0,3.0199999809265137,0.233888000366278
10.600262267999824,1,160.31223198443672,161.0,0.0,2.4600000381469727,0.28422400009731064
10.700238031000481,1,160.02552070447678,161.0,0.0,2.4700000286102295,0.32819300031405874
10.800220259000525,1,159.6954683767063,161.0,0.0,2.25,0.2833279995684279
10.900214197999958,1,159.32237154025216,159.0,-1.0,2.8899998664855957,0.3112320000582258
11.00023306500043,1,158.90652555536388,160.0,4.0,2.7699999809265137,0.3195529998265556
11.100204573000156,1,158.44865546778803,160.0,0.0,3.1599998474121094,0.3534079996825312
11.200205488000393,1,157.94887297962737,160.0,0.0,3.5999999046325684,0.29257599999255035
11.300208546999784,1,157.40778778076447,160.0,6.0,3.0199999809265137,0.30214499929570593
11.400210550999873,1,156.8259505098921,158.0,-31.0,2.240000009536743,0.30915200022718636
11.500200905999918,1,156.2040046762346,158.0,3.0,3.5,0.2656320002643042
11.600207581000177,1,155.54238737064807,159.0,1.0,1.959999918937683,0.28147300054115476
11.700219760999971,1,154.84181024439488,158.0,-2.0,2.259999990463257,0.27753599988500355
11.800196516000142,1,154.10326856251706,158.0,0.0,2.259999990463257,0.2875200007110834
11.900219127000128,1,153.32688512296693,156.0,-28.0,2.0399999618530273,0.3122890002487111
12.000204683000447,1,152.5140644443652,155.0,6.0,3.4700000286102295,0.31148799916991265
12.100189822000175,1,151.6653313401872,156.0,-1.0,2.309999942779541,0.31196800046018325
12.200192369000433,1,150.78136296382894,156.0,-4.0,2.490000009536743,0.326848999975482
12.300199397000142,1,149.86313449973852,156.0,0.0,2.4700000286102295,0.2903360000345856
12.40011250400039,1,148.9125000599815,153.0,-34.0,2.5399999618530273,0.25532800009386847
12.50019053899996,1,147.92790098617752,151.0,-1.0,4.46999979019165,0.21961699985695304
12.600225343000602,1,146.91229801612633,152.0,5.0,2.7899999618530273,0.3331199995955103
12.700195698000243,1,145.86695922491356,152.0,-8.0,3.369999885559082,0.31011200007924344
12.800190501000543,1,144.79200499421313,152.0,0.0,3.4099998474121094,0.2584969997769804
12.900193401000251,1,143.68865757764254,149.0,-35.0,2.8299999237060547,0.3123520000372082
13.000182476000191,1,142.5582499040264,147.0,-9.0,3.609999895095825,0.41708799926709617
13.100240286999906,1,141.40094296758713,147.0,3.0,3.179999828338623,0.27219299954595044
13.200226771000416,1,140.2194994927525,147.0,-2.0,3.4099998474121094,0.3046080000785878
13.300182630000563,1,139.0146419567048,147.0,0.0,3.6599998474121094,0.31164800020633265
13.400249785000597,1,137.78582141824558,145.0,-31.0,2.419999837875366,0.22675299987895414
13.500265869000032,1,136.53622405956577,142.0,-19.0,2.5399999618530273,0.3069439999308088
13.600822625000546,1,135.25954532616527,142.0,4.0,2.929999828338623,1.5097609993972583
13.700206675000118,1,133.97897415671878,142.0,0.0,1.9799998998641968,0.29699300011998275
13.800226791000568,1,132.6726244062659,142.0,-1.0,2.059999942779541,1.7546579992995248
13.900254138000491,1,131.3498265845324,139.0,-31.0,1.96999990940094,0.3041280006073066
14.000199885000256,1,130.01307782706007,137.0,-25.0,2.6399998664855957,0.38790500002505723
14.100217408999924,1,128.66164884474517,136.0,0.0,2.7200000286102295,0.3449599998930353
14.200278420000359,1,127.29723307881822,136.0,1.0,2.6499998569488525,0.2695040002436144
14.300198535000163,1,125.92370732662746,136.0,0.0,2.7899999618530273,0.28832099997089244
14.400298266999926,1,124.53801776779652,133.0,-32.0,2.309999942779541,0.4332799999247072
14.500187182000445,1,123.14693788120192,131.0,-21.0,2.7100000381469727,0.29136000011931174
14.600204096999732,1,121.74713350766916,129.0,-3.0,3.25,0.3058890006286674
14.700189781000518,1,120.34220364356952,129.0,2.0,3.5399999618530273,0.20528000004560454
14.800189544000204,1,118.93289965659761,130.0,2.0,2.809999942779541,0.22700799945596373
14.900205562999872,1,117.52058012145004,127.0,-33.0,2.169999837875366,0.25347199971292866
15.000198286999876,1,116.10719739393389,124.0,-25.0,2.6499998569488525,0.2553920003265375
15.100187746000302,1,114.69386356743301,122.0,-9.0,2.440000057220459,0.28457699954742566
15.200264885999786,1,113.28068989310518,123.0,1.0,2.4600000381469727,0.444031999904837
15.300208393000503,1,111.87219350829547,123.0,0.0,2.369999885559082,0.3293760000815382
15.400203612000041,1,110.46714931246999,120.0,-32.0,1.8899999856948853,0.27760100056184456
15.500187280000318,1,109.06783468355333,117.0,-22.0,2.1399998664855957,0.2504639996914193
15.600198435000493,1,107.6750858513819,115.0,-7.0,2.2300000190734863,0.25923199973476585
15.700184117999925,1,106.29101454345498,116.0,3.0,1.9199999570846558,0.2240330004497082
15.800202121999973,1,104.9161880495354,116.0,0.0,1.899999976158142,0.4316159993322799
15.900209788999746,1,103.55255280560853,113.0,-29.0,1.4499999284744263,0.7773769993946189
16.000246192000304,1,102.20092579337704,110.0,-27.0,2.7699999809265137,0.242400000388443
16.100207108000177,1,100.8640394076087,108.0,-13.0,3.1499998569488525,0.2920639999501873
16.200238199000523,1,99.54126480169828,108.0,2.0,3.4099998474121094,0.2542729998822324
16.300178442000288,1,98.23603037299583,109.0,3.0,2.200000047683716,0.23443200007022824
16.400230526000087,1,96.9469837227903,107.0,-33.0,1.5899999141693115,0.24470399966958212
16.500581234000492,1,95.67310706022445,104.0,-22.0,2.009999990463257,0.19065600008616457
16.60022010100056,1,94.42835860771615,102.0,-15.0,2.119999885559082,0.23193599918158725
16.700208696000118,1,93.20059744319964,102.0,2.0,1.959999918937683,0.2681280002434505
16.800236619000316,1,91.99497052273988,102.0,0.0,1.5999999046325684,0.5865610000910237
16.90018611100004,1,90.81407253320036,100.0,-35.0,1.2400000095367432,0.2304640001966618
17.000253778000115,1,89.65676182940591,97.0,-27.0,1.6999999284744263,0.23724800030322513
17.100198981000176,1,88.52696052198608,95.0,-9.0,1.6200000047683716,0.21219199970801128
17.200208921000012,1,87.42364538324516,95.0,0.0,1.7599999904632568,0.2251840005556005
17.300213227999848,1,86.34870557287277,95.0,0.0,1.9900000095367432,0.23417699958372395
17.400185184000293,1,85.30347247249937,93.0,-29.0,0.17999999225139618,0.19331200019223616
17.50018475500019,1,84.28834860967164,90.0,-34.0,1.059999942779541,0.23974399937287671
17.600208070000008,1,83.30439883724617,89.0,3.0,1.5399999618530273,0.24272100017697085
17.700195641999926,1,82.35317346876656,89.0,1.0,1.46999990940094,0.2230080008303048
17.800184493000415,1,81.43524220911186,89.0,0.0,1.46999990940094,0.2017599999817321
17.900178304000292,1,80.55148014619684,87.0,-33.0,0.1599999964237213,0.20614500044757733
18.000192020000213,1,79.70264031682612,84.0,-34.0,0.7799999713897705,0.22454400004789932
18.100203079000494,1,78.88976112387532,83.0,7.0,1.5499999523162842,0.20153599962213775
18.200194203000137,1,78.11377293160163,84.0,2.0,0.9599999785423279,0.25894399914250243
18.30023780600004,1,77.3748981553446,84.0,0.0,0.9699999690055847,0.21535999985644594
18.400183937000293,1,76.67494734697502,82.0,-30.0,0.0,0.24848100019880803
18.50021909299994,1,76.01330094741978,79.0,-28.0,0.9199999570846558,0.24777599992376054
18.600228680000328,1,75.39140685797639,79.0,4.0,1.4900000095367432,0.22076799996284535
18.700199931000498,1,74.80992001423263,79.0,0.0,0.4699999988079071,0.25494500005152076
18.800192527000036,1,74.26905686553407,79.0,-1.0,0.41999998688697815,0.24976000077003846
18.900198049999744,1,73.76941766861034,78.0,-32.0,0.10999999940395355,0.21952000042801956
19.000208309999834,1,73.3115474404762,75.0,-11.0,1.3299999237060547,0.21878400002606213
19.100225545000285,1,72.89589528144685,75.0,0.0,1.0499999523162842,0.268320000031963
19.200197916000434,1,72.52306261658957,76.0,0.0,0.7199999690055847,0.2814090003084857
19.30022571200061,1,72.1930503540896,76.0,0.0,0.6899999976158142,0.27072000011685304
19.400194531000125,1,71.90655908952665,74.0,-32.0,-0.22999998927116394,0.27984000007563736
19.500242807000177,1,71.66348843544964,72.0,0.0,1.4199999570846558,0.30217600033211056
19.6001978660006,1,71.46448854722794,73.0,2.0,0.6499999761581421,0.2594880006654421
19.700235645000248,1,71.30939881799176,73.0,0.0,0.6200000047683716,0.2452809994792915
19.80018280100012,1,71.19863563633687,73.0,0.0,0.6599999666213989,0.2471999996487284
19.90022730000055,1,71.13210457392434,71.0,-24.0,-0.3799999952316284,0.27891200079466216
20.000194007000573,1,71.1100006939344,71.0,1.0,1.1799999475479126,0.22566500047105365
20.100185066999984,1,71.132287650607,71.0,0.0,1.0799999237060547,0.23471999975299696
20.200180798000474,1,71.19895839430414,71.0,0.0,1.2699999809265137,0.23219299964694073
20.300199473999783,1,71.30997767636384,71.0,0.0,1.3199999332427979,0.2326400008314522
20.40019056500023,1,71.4651767851076,70.0,-6.0,0.5,0.23238399990077596
20.50019861600049,1,71.66446461735194,70.0,1.0,0.8999999761581421,0.2241610000055516
20.600195340000027,1,71.90759187444924,70.0,0.0,1.1200000047683716,0.22547199932887452
20.700195327000074,1,72.19434878008272,71.0,0.0,0.9699999690055847,0.26777699986269
20.800196467000205,1,72.52444917545972,71.0,0.0,0.9300000071525574,0.28112000018154504
20.900216709999768,1,72.89763959044782,71.0,2.0,1.209999918937683,0.2692160005608457
21.00018504899981,1,73.31326585904647,71.0,4.0,1.149999976158142,0.2362889999858453
21.10019121300047,1,73.77128176357384,71.0,1.0,0.7199999690055847,0.25705600000947015
21.20019654400039,1,74.27108168694464,71.0,0.0,0.6299999952316284,0.24758500057942
21.300190900000416,1,74.81211434568252,71.0,0.0,0.429999977350235,0.2982079995490494
21.400187303000166,1,75.3939107552414,72.0,20.0,1.9199999570846558,0.22144000013213372
21.500191002000065,1,76.01593297153619,73.0,0.0,0.4099999964237213,0.23648099977435777
21.60021530999984,1,76.67766649578874,73.0,0.0,0.550000011920929,0.3123840006082901
21.70023120099995,1,77.37827331302464,73.0,0.0,0.4099999964237213,0.21321700023690937
21.800196725000205,1,78.11673424153088,73.0,0.0,0.41999998688697815,0.2698239995879703
21.900188104000335,1,78.89286955750768,73.0,23.0,2.109999895095825,0.22204800006875303
22.00018665100015,1,79.70578692462222,76.0,4.0,-0.14999999105930328,0.22880100004840642
22.100207375000537,1,80.55482198544846,75.0,-8.0,0.9699999690055847,0.2546559999245801
22.20020502599982,1,81.43875232237667,75.0,0.0,0.9899999499320984,0.2277450003020931
22.300323606000347,1,82.35802806858267,76.0,0.0,0.6200000047683716,0.2031680005529779
22.400203017000422,1,83.30837715164249,76.0,23.0,1.8799999952316284,0.25334400015708525
22.500193052000213,1,84.29212535721263,80.0,16.0,0.0,0.2603209995868383
22.600207184000283,1,85.30751605413043,79.0,-5.0,0.14000000059604645,0.24918400049500633
22.70021424300012,1,86.35323866639249,79.0,0.0,0.699999988079071,0.2520970001569367
22.800223479000124,1,87.42835547101953,79.0,0.0,0.8499999642372131,0.279167999906349
22.900211850000233,1,88.53154973877405,80.0,24.0,1.8700000047683716,0.22358400019584224
23.00021657399975,1,89.66214132036038,83.0,36.0,1.059999942779541,0.2688960003069951
23.100201168999774,1,90.81860084136667,84.0,-9.0,0.7899999618530273,0.2646080001795781
23.200237572000333,1,92.00063065902562,83.0,0.0,1.6399999856948853,0.29497700052161235
23.30023407200042,1,93.2059852578234,84.0,4.0,1.0299999713897705,0.26028800039057387
23.400212970999746,1,94.43372371421123,84.0,22.0,2.379999876022339,0.2155840002160403
23.500215007000406,1,95.68313646306963,88.0,39.0,1.309999942779541,0.21987199943396263
23.60019637000005,1,96.9524444307624,89.0,-4.0,0.5600000023841858,0.22809599977335893
23.70019946100001,1,98.24093346371433,89.0,0.0,0.8499999642372131,0.22675299987895414
23.80018434500016,1,99.54681887273559,89.0,0.0,0.8999999761581421,0.2115520001098048
23.900201804000062,1,100.86947850335193,89.0,15.0,2.8499999046325684,0.26873699971474707
24.00020128000051,1,102.20694215014686,93.0,37.0,1.6899999380111694,0.23673600026086206
24.10020273900045,1,103.55815321468934,96.0,1.0,0.5799999833106995,0.2419200000076671
24.200189445999968,1,104.92154979596793,95.0,-2.0,2.0399999618530273,0.24259200017695548
24.300192826000057,1,106.29621512764207,95.0,5.0,1.8799999952316284,0.20585600032063667
24.400242669000363,1,107.68121136438256,95.0,16.0,2.9700000286102295,0.20550499993987614
24.500183232999916,1,109.07300819864477,99.0,41.0,1.649999976158142,0.2560960001574131
24.60019394000028,1,110.47272525297163,102.0,4.0,0.8299999833106995,0.22982499922363786
24.700194504000137,1,111.87786405101998,102.0,-1.0,1.8199999332427979,0.24367999958485598
24.80019260300014,1,113.28714472452592,102.0,1.0,1.9199999570846558,0.24460799977532588
24.90019812599985,1,114.69931601281233,102.0,13.0,3.1999998092651367,0.2586559994597337
25.00020425799994,1,116.11288823979376,106.0,43.0,1.7999999523162842,0.21958400066068862
25.100192980999964,1,117.52621162467665,109.0,11.0,1.5799999237060547,0.2111690000674571
25.200194152999757,1,118.93831334109927,108.0,-4.0,2.929999828338623,0.2310720001332811
25.30018697200012,1,120.34750622589999,108.0,4.0,3.2300000190734863,0.19715200050995918
25.400206256000274,1,121.75288899186212,108.0,5.0,4.299999713897705,0.2183679998779553
25.500183427000593,1,123.15211273776796,113.0,47.0,2.450000047683716,0.2453440001772833
25.600214134999987,1,124.54513338873235,116.0,15.0,1.2999999523162842,0.29008000001340406
25.7002693860004,1,125.93016307538014,116.0,-2.0,1.9499999284744263,0.2699840006243903
25.80020860500008,1,127.30390194155906,116.0,2.0,2.009999990463257,0.2483850003045518
25.900541297000018,1,128.67194875776727,116.0,15.0,3.0999999046325684,0.16819199936435325
26.000204611999834,1,130.0185163869077,120.0,44.0,2.490000009536743,0.2496329998393776
26.100203703999796,1,131.3559165362149,123.0,17.0,1.5499999523162842,0.22649600032309536
26.200207627000054,1,132.67833457937985,122.0,-6.0,2.2799999713897705,0.23641600000701146
26.30027996700028,1,133.9852880377309,122.0,3.0,2.5799999237060547,0.2535359999455977
26.400204562,1,135.27268538512598,123.0,11.0,3.4600000381469727,0.23523199979536003
26.500293158000204,1,136.54326572043993,126.0,40.0,2.9800000190734863,0.30463999974017497
26.600193752999985,1,137.79131621261064,130.0,16.0,1.8199999332427979,0.2667520002432866
26.70026823599983,1,139.02012825513327,129.0,-9.0,3.0399999618530273,0.3649609998319647
26.800250496000444,1,140.22519633141093,129.0,3.0,3.419999837875366,0.35212800048611825
26.900258995000513,1,141.4067808487336,129.0,3.0,4.25,0.30553699980373494
27.00020675900032,1,142.5627016534679,133.0,42.0,3.1399998664855957,0.27968000085820677
27.10023679400001,1,143.6934630684194,137.0,12.0,1.1200000047683716,0.29455999992933357
27.20019444599984,1,144.79619817136503,136.0,-14.0,2.7200000286102295,0.26915199941868195
27.300214976999996,1,145.8713141939071,136.0,5.0,2.869999885559082,0.436928999988595
27.400203060000422,1,146.91671295968746,136.0,7.0,3.509999990463257,0.265441000010469
